{
    "user": {
        "ratings": [
            {
                "time": "2017-04-06T11:48:45.885Z",
                "rating": "1",
                "videoTime": "174.85855507247925",
                "videoDuration": "468",
                "stage": "1"
            },
            {
                "time": "2017-04-06T11:53:07.353Z",
                "rating": "1",
                "videoTime": "436.34553481498716",
                "videoDuration": "468",
                "stage": "1"
            },
            {
                "time": "2017-04-06T12:02:32.717Z",
                "rating": "1",
                "videoTime": "211.6988259485016",
                "videoDuration": "401",
                "stage": "2"
            },
            {
                "time": "2017-04-06T12:03:31.036Z",
                "rating": "1",
                "videoTime": "270.0152881106262",
                "videoDuration": "401",
                "stage": "2"
            }
        ],
        "ratingbells": [
            {
                "time": "2017-04-06T11:46:37.870Z",
                "videoTime": "46.83435084169006",
                "videoDuration": "468",
                "stage": "1"
            },
            {
                "time": "2017-04-06T11:47:43.287Z",
                "videoTime": "112.27446502288818",
                "videoDuration": "468",
                "stage": "1"
            },
            {
                "time": "2017-04-06T11:48:43.538Z",
                "videoTime": "172.51244910490416",
                "videoDuration": "468",
                "stage": "1"
            },
            {
                "time": "2017-04-06T11:49:24.685Z",
                "videoTime": "213.66186099427796",
                "videoDuration": "468",
                "stage": "1"
            },
            {
                "time": "2017-04-06T11:50:12.616Z",
                "videoTime": "261.59450603051755",
                "videoDuration": "468",
                "stage": "1"
            },
            {
                "time": "2017-04-06T11:51:08.245Z",
                "videoTime": "317.23627782452394",
                "videoDuration": "468",
                "stage": "1"
            },
            {
                "time": "2017-04-06T11:51:53.143Z",
                "videoTime": "362.13441277302553",
                "videoDuration": "468",
                "stage": "1"
            },
            {
                "time": "2017-04-06T11:53:03.099Z",
                "videoTime": "431.850712",
                "videoDuration": "468",
                "stage": "1"
            },
            {
                "time": "2017-04-06T11:59:47.108Z",
                "videoTime": "46.10673796185303",
                "videoDuration": "401",
                "stage": "2"
            },
            {
                "time": "2017-04-06T12:00:27.341Z",
                "videoTime": "86.324175125885",
                "videoDuration": "401",
                "stage": "2"
            },
            {
                "time": "2017-04-06T12:01:24.250Z",
                "videoTime": "143.22911611634828",
                "videoDuration": "401",
                "stage": "2"
            },
            {
                "time": "2017-04-06T12:02:28.309Z",
                "videoTime": "207.28776312779235",
                "videoDuration": "401",
                "stage": "2"
            },
            {
                "time": "2017-04-06T12:03:28.517Z",
                "videoTime": "267.51294106866453",
                "videoDuration": "401",
                "stage": "2"
            },
            {
                "time": "2017-04-06T12:04:10.850Z",
                "videoTime": "309.8208340019074",
                "videoDuration": "401",
                "stage": "2"
            },
            {
                "time": "2017-04-06T12:04:57.392Z",
                "videoTime": "356.35834788937376",
                "videoDuration": "401",
                "stage": "2"
            }
        ],
        "videostatus": [
            {
                "time": "2017-04-06T11:45:46.491Z",
                "status": "Fullscreen_enter",
                "videoTime": "0",
                "videoDuration": "469",
                "stage": "1"
            },
            {
                "time": "2017-04-06T11:45:50.625Z",
                "status": "PLAYING",
                "videoTime": "0.02200007438659668",
                "videoDuration": "468",
                "stage": "1"
            },
            {
                "time": "2017-04-06T11:53:39.676Z",
                "status": "ENDED",
                "videoTime": "468.021404",
                "videoDuration": "468.021404",
                "stage": "1"
            },
            {
                "time": "2017-04-06T11:58:57.059Z",
                "status": "Fullscreen_enter",
                "videoTime": "0",
                "videoDuration": "401",
                "stage": "2"
            },
            {
                "time": "2017-04-06T11:59:00.572Z",
                "status": "PLAYING",
                "videoTime": "0.029000043869018555",
                "videoDuration": "401",
                "stage": "2"
            },
            {
                "time": "2017-04-06T12:05:42.023Z",
                "status": "ENDED",
                "videoTime": "400.941",
                "videoDuration": "400.941",
                "stage": "2"
            }
        ]
    }
}
