{
    "user": {
        "ratings": [
            {
                "time": "2017-04-06T09:44:33.706Z",
                "rating": "1",
                "videoTime": "50.96228215640259",
                "videoDuration": "468.0214058956916",
                "stage": "1"
            },
            {
                "time": "2017-04-06T09:46:28.438Z",
                "rating": "1",
                "videoTime": "165.7107260038147",
                "videoDuration": "468.0214058956916",
                "stage": "1"
            },
            {
                "time": "2017-04-06T09:47:06.529Z",
                "rating": "1",
                "videoTime": "203.79155008010864",
                "videoDuration": "468.0214058956916",
                "stage": "1"
            },
            {
                "time": "2017-04-06T09:56:18.029Z",
                "rating": "1",
                "videoTime": "59.088863158309934",
                "videoDuration": "400.921",
                "stage": "2"
            },
            {
                "time": "2017-04-06T09:57:03.989Z",
                "rating": "1",
                "videoTime": "105.05266296948243",
                "videoDuration": "400.921",
                "stage": "2"
            },
            {
                "time": "2017-04-06T09:57:57.297Z",
                "rating": "1",
                "videoTime": "158.36005795231628",
                "videoDuration": "400.921",
                "stage": "2"
            },
            {
                "time": "2017-04-06T09:58:52.819Z",
                "rating": "1",
                "videoTime": "213.88486908773802",
                "videoDuration": "400.921",
                "stage": "2"
            },
            {
                "time": "2017-04-06T10:00:32.241Z",
                "rating": "1",
                "videoTime": "313.3080298626709",
                "videoDuration": "400.921",
                "stage": "2"
            },
            {
                "time": "2017-04-06T10:01:25.178Z",
                "rating": "1",
                "videoTime": "366.23083798092654",
                "videoDuration": "400.921",
                "stage": "2"
            }
        ],
        "ratingbells": [
            {
                "time": "2017-04-06T09:44:31.073Z",
                "videoTime": "48.320522856948855",
                "videoDuration": "468.0214058956916",
                "stage": "1"
            },
            {
                "time": "2017-04-06T09:45:31.704Z",
                "videoTime": "108.93755295994568",
                "videoDuration": "468.0214058956916",
                "stage": "1"
            },
            {
                "time": "2017-04-06T09:46:27.036Z",
                "videoTime": "164.29703290653993",
                "videoDuration": "468.0214058956916",
                "stage": "1"
            },
            {
                "time": "2017-04-06T09:47:04.970Z",
                "videoTime": "202.2439130896454",
                "videoDuration": "468.0214058956916",
                "stage": "1"
            },
            {
                "time": "2017-04-06T09:47:44.614Z",
                "videoTime": "241.88896309155274",
                "videoDuration": "468.0214058956916",
                "stage": "1"
            },
            {
                "time": "2017-04-06T09:48:26.285Z",
                "videoTime": "283.53197408964536",
                "videoDuration": "468.0214058956916",
                "stage": "1"
            },
            {
                "time": "2017-04-06T09:49:33.751Z",
                "videoTime": "351.01428890272524",
                "videoDuration": "468.0214058956916",
                "stage": "1"
            },
            {
                "time": "2017-04-06T09:50:36.501Z",
                "videoTime": "413.7614650152588",
                "videoDuration": "468.0214058956916",
                "stage": "1"
            },
            {
                "time": "2017-04-06T09:51:20.318Z",
                "videoTime": "457.56763211634825",
                "videoDuration": "468.0214058956916",
                "stage": "1"
            },
            {
                "time": "2017-04-06T09:56:17.437Z",
                "videoTime": "58.4789329294281",
                "videoDuration": "400.921",
                "stage": "2"
            },
            {
                "time": "2017-04-06T09:57:02.515Z",
                "videoTime": "103.58066706294251",
                "videoDuration": "400.921",
                "stage": "2"
            },
            {
                "time": "2017-04-06T09:57:56.172Z",
                "videoTime": "157.21688097138977",
                "videoDuration": "400.921",
                "stage": "2"
            },
            {
                "time": "2017-04-06T09:58:51.711Z",
                "videoTime": "212.7754679027252",
                "videoDuration": "400.921",
                "stage": "2"
            },
            {
                "time": "2017-04-06T09:59:23.203Z",
                "videoTime": "244.26714313923645",
                "videoDuration": "400.921",
                "stage": "2"
            },
            {
                "time": "2017-04-06T10:00:31.508Z",
                "videoTime": "312.5724499580383",
                "videoDuration": "400.921",
                "stage": "2"
            },
            {
                "time": "2017-04-06T10:01:24.302Z",
                "videoTime": "365.3672590782013",
                "videoDuration": "400.921",
                "stage": "2"
            }
        ],
        "videostatus": [
            {
                "time": "2017-04-06T09:43:42.319Z",
                "status": "PLAYING",
                "videoTime": "0.01699995994567871",
                "videoDuration": "468.0214058956916",
                "stage": "1"
            },
            {
                "time": "2017-04-06T09:51:30.824Z",
                "status": "ENDED",
                "videoTime": "468.021404",
                "videoDuration": "468.021404",
                "stage": "1"
            },
            {
                "time": "2017-04-06T09:55:18.520Z",
                "status": "PLAYING",
                "videoTime": "0.01699995994567871",
                "videoDuration": "400.921",
                "stage": "2"
            },
            {
                "time": "2017-04-06T10:01:59.896Z",
                "status": "ENDED",
                "videoTime": "400.941",
                "videoDuration": "400.941",
                "stage": "2"
            }
        ]
    }
}
