{
    "user": {
        "ratings": [
            {
                "time": "2017-04-10T16:16:08.498Z",
                "rating": "1",
                "videoTime": "443.850633",
                "videoDuration": "468.0214058956916",
                "stage": "1"
            }
        ],
        "ratingbells": [
            {
                "time": "2017-04-10T15:57:59.408Z",
                "videoTime": "51.39173102479553",
                "videoDuration": "400.921",
                "stage": "2"
            },
            {
                "time": "2017-04-10T15:58:58.891Z",
                "videoTime": "110.8888840667572",
                "videoDuration": "400.921",
                "stage": "2"
            },
            {
                "time": "2017-04-10T16:00:00.872Z",
                "videoTime": "172.86384390844728",
                "videoDuration": "400.921",
                "stage": "2"
            },
            {
                "time": "2017-04-10T16:00:59.310Z",
                "videoTime": "231.3210248664856",
                "videoDuration": "400.921",
                "stage": "2"
            },
            {
                "time": "2017-04-10T16:02:01.757Z",
                "videoTime": "293.77013893515016",
                "videoDuration": "400.921",
                "stage": "2"
            },
            {
                "time": "2017-04-10T16:02:49.055Z",
                "videoTime": "341.02158299427794",
                "videoDuration": "400.921",
                "stage": "2"
            },
            {
                "time": "2017-04-10T16:03:31.872Z",
                "videoTime": "383.8646578779297",
                "videoDuration": "400.921",
                "stage": "2"
            },
            {
                "time": "2017-04-10T16:09:16.041Z",
                "videoTime": "31.57830391607666",
                "videoDuration": "468.0214058956916",
                "stage": "1"
            },
            {
                "time": "2017-04-10T16:10:25.699Z",
                "videoTime": "101.24965387983704",
                "videoDuration": "468.0214058956916",
                "stage": "1"
            },
            {
                "time": "2017-04-10T16:11:28.126Z",
                "videoTime": "163.546515",
                "videoDuration": "468.0214058956916",
                "stage": "1"
            },
            {
                "time": "2017-04-10T16:12:16.650Z",
                "videoTime": "212.18797515068053",
                "videoDuration": "468.0214058956916",
                "stage": "1"
            },
            {
                "time": "2017-04-10T16:13:18.536Z",
                "videoTime": "274.08739900190733",
                "videoDuration": "468.0214058956916",
                "stage": "1"
            },
            {
                "time": "2017-04-10T16:14:10.998Z",
                "videoTime": "326.5482388035431",
                "videoDuration": "468.0214058956916",
                "stage": "1"
            },
            {
                "time": "2017-04-10T16:15:02.751Z",
                "videoTime": "378.3029050076294",
                "videoDuration": "468.0214058956916",
                "stage": "1"
            },
            {
                "time": "2017-04-10T16:16:06.751Z",
                "videoTime": "442.06717",
                "videoDuration": "468.0214058956916",
                "stage": "1"
            }
        ],
        "videostatus": [
            {
                "time": "2017-04-10T15:57:07.614Z",
                "status": "PLAYING",
                "videoTime": "0.0280001163482666",
                "videoDuration": "400.921",
                "stage": "2"
            },
            {
                "time": "2017-04-10T16:03:49.003Z",
                "status": "ENDED",
                "videoTime": "400.941",
                "videoDuration": "400.941",
                "stage": "2"
            },
            {
                "time": "2017-04-10T16:08:44.041Z",
                "status": "PLAYING",
                "videoTime": "0.020999908447265625",
                "videoDuration": "468.0214058956916",
                "stage": "1"
            },
            {
                "time": "2017-04-10T16:16:32.553Z",
                "status": "ENDED",
                "videoTime": "468.021404",
                "videoDuration": "468.021404",
                "stage": "1"
            }
        ]
    }
}
