{
    "user": {
        "ratings": [
            {
                "time": "2017-04-12T14:29:50.812Z",
                "rating": "1",
                "videoTime": "307.86732097138974",
                "videoDuration": "468.0214058956916",
                "stage": "1"
            }
        ],
        "ratingbells": [
            {
                "time": "2017-04-12T14:25:40.251Z",
                "videoTime": "57.31793883406067",
                "videoDuration": "468.0214058956916",
                "stage": "1"
            },
            {
                "time": "2017-04-12T14:26:47.218Z",
                "videoTime": "124.28965397520447",
                "videoDuration": "468.0214058956916",
                "stage": "1"
            },
            {
                "time": "2017-04-12T14:27:50.925Z",
                "videoTime": "187.9778849923706",
                "videoDuration": "468.0214058956916",
                "stage": "1"
            },
            {
                "time": "2017-04-12T14:28:46.755Z",
                "videoTime": "243.83922621934508",
                "videoDuration": "468.0214058956916",
                "stage": "1"
            },
            {
                "time": "2017-04-12T14:29:49.997Z",
                "videoTime": "307.0592030915527",
                "videoDuration": "468.0214058956916",
                "stage": "1"
            },
            {
                "time": "2017-04-12T14:30:35.695Z",
                "videoTime": "352.76343003623964",
                "videoDuration": "468.0214058956916",
                "stage": "1"
            },
            {
                "time": "2017-04-12T14:31:23.287Z",
                "videoTime": "400.35462495040895",
                "videoDuration": "468.0214058956916",
                "stage": "1"
            },
            {
                "time": "2017-04-12T14:32:24.439Z",
                "videoTime": "461.5050678893738",
                "videoDuration": "468.0214058956916",
                "stage": "1"
            },
            {
                "time": "2017-04-12T14:37:20.732Z",
                "videoTime": "33.962564118255614",
                "videoDuration": "400.921",
                "stage": "2"
            },
            {
                "time": "2017-04-12T14:38:24.699Z",
                "videoTime": "97.90681395231628",
                "videoDuration": "400.921",
                "stage": "2"
            },
            {
                "time": "2017-04-12T14:39:09.619Z",
                "videoTime": "142.8380998664856",
                "videoDuration": "400.921",
                "stage": "2"
            },
            {
                "time": "2017-04-12T14:40:03.407Z",
                "videoTime": "196.63620303623964",
                "videoDuration": "400.921",
                "stage": "2"
            },
            {
                "time": "2017-04-12T14:40:54.573Z",
                "videoTime": "247.80271697711183",
                "videoDuration": "400.921",
                "stage": "2"
            },
            {
                "time": "2017-04-12T14:41:42.434Z",
                "videoTime": "295.64611207820127",
                "videoDuration": "400.921",
                "stage": "2"
            },
            {
                "time": "2017-04-12T14:42:49.270Z",
                "videoTime": "362.4849379713898",
                "videoDuration": "400.921",
                "stage": "2"
            }
        ],
        "videostatus": [
            {
                "time": "2017-04-12T14:24:42.513Z",
                "status": "PLAYING",
                "videoTime": "0.01900005340576172",
                "videoDuration": "468.0214058956916",
                "stage": "1"
            },
            {
                "time": "2017-04-12T14:24:43.184Z",
                "status": "Fullscreen_enter",
                "videoTime": "0.2621229828338623",
                "videoDuration": "468.0214058956916",
                "stage": "1"
            },
            {
                "time": "2017-04-12T14:32:31.031Z",
                "status": "ENDED",
                "videoTime": "468.021404",
                "videoDuration": "468.021404",
                "stage": "1"
            },
            {
                "time": "2017-04-12T14:32:39.125Z",
                "status": "Fullscreen_exit",
                "videoTime": "468.021404",
                "videoDuration": "468.021404",
                "stage": "1"
            },
            {
                "time": "2017-04-12T14:36:46.360Z",
                "status": "PLAYING",
                "videoTime": "0.018999814987182617",
                "videoDuration": "400.921",
                "stage": "2"
            },
            {
                "time": "2017-04-12T14:36:46.908Z",
                "status": "Fullscreen_enter",
                "videoTime": "0.13812910871887207",
                "videoDuration": "400.921",
                "stage": "2"
            },
            {
                "time": "2017-04-12T14:43:27.772Z",
                "status": "ENDED",
                "videoTime": "400.941",
                "videoDuration": "400.941",
                "stage": "2"
            },
            {
                "time": "2017-04-12T14:43:30.933Z",
                "status": "Fullscreen_exit",
                "videoTime": "400.941",
                "videoDuration": "400.941",
                "stage": "2"
            }
        ]
    }
}
