{
    "user": {
        "ratings": [
            {
                "time": "2017-04-12T15:34:58.513Z",
                "rating": "1",
                "videoTime": "279.12348804577636",
                "videoDuration": "400.921",
                "stage": "2"
            },
            {
                "time": "2017-04-12T15:36:41.246Z",
                "rating": "1",
                "videoTime": "381.8537520667572",
                "videoDuration": "400.921",
                "stage": "2"
            },
            {
                "time": "2017-04-12T15:43:06.943Z",
                "rating": "1",
                "videoTime": "156.8440869809265",
                "videoDuration": "468.0214058956916",
                "stage": "1"
            },
            {
                "time": "2017-04-12T15:45:52.814Z",
                "rating": "1",
                "videoTime": "322.72821479782107",
                "videoDuration": "468.0214058956916",
                "stage": "1"
            }
        ],
        "ratingbells": [
            {
                "time": "2017-04-12T15:30:54.522Z",
                "videoTime": "35.10979904196167",
                "videoDuration": "400.921",
                "stage": "2"
            },
            {
                "time": "2017-04-12T15:31:56.345Z",
                "videoTime": "96.96653309727478",
                "videoDuration": "400.921",
                "stage": "2"
            },
            {
                "time": "2017-04-12T15:32:56.192Z",
                "videoTime": "156.78346580926512",
                "videoDuration": "400.921",
                "stage": "2"
            },
            {
                "time": "2017-04-12T15:33:48.919Z",
                "videoTime": "209.50368880545045",
                "videoDuration": "400.921",
                "stage": "2"
            },
            {
                "time": "2017-04-12T15:34:56.957Z",
                "videoTime": "277.5407319752045",
                "videoDuration": "400.921",
                "stage": "2"
            },
            {
                "time": "2017-04-12T15:35:40.491Z",
                "videoTime": "321.0812998321533",
                "videoDuration": "400.921",
                "stage": "2"
            },
            {
                "time": "2017-04-12T15:36:38.710Z",
                "videoTime": "379.3197711144409",
                "videoDuration": "400.921",
                "stage": "2"
            },
            {
                "time": "2017-04-12T15:41:03.484Z",
                "videoTime": "33.3833419217987",
                "videoDuration": "468.0214058956916",
                "stage": "1"
            },
            {
                "time": "2017-04-12T15:42:10.026Z",
                "videoTime": "99.91814991607666",
                "videoDuration": "468.0214058956916",
                "stage": "1"
            },
            {
                "time": "2017-04-12T15:43:02.751Z",
                "videoTime": "152.66403795613098",
                "videoDuration": "468.0214058956916",
                "stage": "1"
            },
            {
                "time": "2017-04-12T15:43:43.927Z",
                "videoTime": "193.84125705531312",
                "videoDuration": "468.0214058956916",
                "stage": "1"
            },
            {
                "time": "2017-04-12T15:44:42.550Z",
                "videoTime": "252.4393420076294",
                "videoDuration": "468.0214058956916",
                "stage": "1"
            },
            {
                "time": "2017-04-12T15:45:50.815Z",
                "videoTime": "320.7271700648499",
                "videoDuration": "468.0214058956916",
                "stage": "1"
            },
            {
                "time": "2017-04-12T15:46:38.769Z",
                "videoTime": "368.664582038147",
                "videoDuration": "468.0214058956916",
                "stage": "1"
            },
            {
                "time": "2017-04-12T15:47:39.125Z",
                "videoTime": "429.0112609027252",
                "videoDuration": "468.0214058956916",
                "stage": "1"
            }
        ],
        "videostatus": [
            {
                "time": "2017-04-12T15:30:18.988Z",
                "status": "PLAYING",
                "videoTime": "0.026999950408935547",
                "videoDuration": "400.921",
                "stage": "2"
            },
            {
                "time": "2017-04-12T15:30:23.180Z",
                "status": "Fullscreen_enter",
                "videoTime": "3.7759719542236327",
                "videoDuration": "400.921",
                "stage": "2"
            },
            {
                "time": "2017-04-12T15:37:00.416Z",
                "status": "ENDED",
                "videoTime": "400.941",
                "videoDuration": "400.941",
                "stage": "2"
            },
            {
                "time": "2017-04-12T15:37:02.008Z",
                "status": "Fullscreen_exit",
                "videoTime": "400.941",
                "videoDuration": "400.941",
                "stage": "2"
            },
            {
                "time": "2017-04-12T15:40:29.354Z",
                "status": "Fullscreen_enter",
                "videoTime": "0",
                "videoDuration": "469",
                "stage": "1"
            },
            {
                "time": "2017-04-12T15:40:29.685Z",
                "status": "PLAYING",
                "videoTime": "0.02700018882751465",
                "videoDuration": "468.0214058956916",
                "stage": "1"
            },
            {
                "time": "2017-04-12T15:48:18.222Z",
                "status": "ENDED",
                "videoTime": "468.021404",
                "videoDuration": "468.021404",
                "stage": "1"
            }
        ]
    }
}
