{
    "user": {
        "ratings": [
            {
                "time": "2017-04-11T09:21:23.995Z",
                "rating": "1",
                "videoTime": "110.48620987411499",
                "videoDuration": "400.921",
                "stage": "2"
            },
            {
                "time": "2017-04-11T09:22:11.853Z",
                "rating": "1",
                "videoTime": "158.34498293515014",
                "videoDuration": "400.921",
                "stage": "2"
            },
            {
                "time": "2017-04-11T09:24:43.953Z",
                "rating": "1",
                "videoTime": "310.44448609918214",
                "videoDuration": "400.921",
                "stage": "2"
            },
            {
                "time": "2017-04-11T09:31:30.882Z",
                "rating": "1",
                "videoTime": "100.90251096566773",
                "videoDuration": "468.0214058956916",
                "stage": "1"
            },
            {
                "time": "2017-04-11T09:33:23.530Z",
                "rating": "1",
                "videoTime": "213.5768189408722",
                "videoDuration": "468.0214058956916",
                "stage": "1"
            },
            {
                "time": "2017-04-11T09:34:15.186Z",
                "rating": "1",
                "videoTime": "265.20707106294253",
                "videoDuration": "468.0214058956916",
                "stage": "1"
            },
            {
                "time": "2017-04-11T09:35:42.056Z",
                "rating": "1",
                "videoTime": "352.0910449923706",
                "videoDuration": "468.0214058956916",
                "stage": "1"
            },
            {
                "time": "2017-04-11T09:36:25.620Z",
                "rating": "1",
                "videoTime": "395.667596917984",
                "videoDuration": "468.0214058956916",
                "stage": "1"
            },
            {
                "time": "2017-04-11T09:37:13.981Z",
                "rating": "1",
                "videoTime": "444.02880496757507",
                "videoDuration": "468.0214058956916",
                "stage": "1"
            }
        ],
        "ratingbells": [
            {
                "time": "2017-04-11T09:20:15.229Z",
                "videoTime": "41.70723809918213",
                "videoDuration": "400.921",
                "stage": "2"
            },
            {
                "time": "2017-04-11T09:21:21.675Z",
                "videoTime": "108.18002200572205",
                "videoDuration": "400.921",
                "stage": "2"
            },
            {
                "time": "2017-04-11T09:22:09.330Z",
                "videoTime": "155.83559881307983",
                "videoDuration": "400.921",
                "stage": "2"
            },
            {
                "time": "2017-04-11T09:23:08.175Z",
                "videoTime": "214.66554998283385",
                "videoDuration": "400.921",
                "stage": "2"
            },
            {
                "time": "2017-04-11T09:23:55.347Z",
                "videoTime": "261.81336593133545",
                "videoDuration": "400.921",
                "stage": "2"
            },
            {
                "time": "2017-04-11T09:24:42.007Z",
                "videoTime": "308.48469106103516",
                "videoDuration": "400.921",
                "stage": "2"
            },
            {
                "time": "2017-04-11T09:25:28.350Z",
                "videoTime": "354.8439268950958",
                "videoDuration": "400.921",
                "stage": "2"
            },
            {
                "time": "2017-04-11T09:30:26.268Z",
                "videoTime": "36.30053795994568",
                "videoDuration": "468.0214058956916",
                "stage": "1"
            },
            {
                "time": "2017-04-11T09:31:28.334Z",
                "videoTime": "98.36744600381469",
                "videoDuration": "468.0214058956916",
                "stage": "1"
            },
            {
                "time": "2017-04-11T09:32:16.269Z",
                "videoTime": "146.28885302861022",
                "videoDuration": "468.0214058956916",
                "stage": "1"
            },
            {
                "time": "2017-04-11T09:33:21.660Z",
                "videoTime": "211.70717398283387",
                "videoDuration": "468.0214058956916",
                "stage": "1"
            },
            {
                "time": "2017-04-11T09:34:12.732Z",
                "videoTime": "262.75076916212464",
                "videoDuration": "468.0214058956916",
                "stage": "1"
            },
            {
                "time": "2017-04-11T09:34:49.886Z",
                "videoTime": "299.9190020419617",
                "videoDuration": "468.0214058956916",
                "stage": "1"
            },
            {
                "time": "2017-04-11T09:35:40.043Z",
                "videoTime": "350.0506779885559",
                "videoDuration": "468.0214058956916",
                "stage": "1"
            },
            {
                "time": "2017-04-11T09:36:23.486Z",
                "videoTime": "393.51953096376036",
                "videoDuration": "468.0214058956916",
                "stage": "1"
            },
            {
                "time": "2017-04-11T09:37:11.531Z",
                "videoTime": "441.55934787792967",
                "videoDuration": "468.0214058956916",
                "stage": "1"
            }
        ],
        "videostatus": [
            {
                "time": "2017-04-11T09:19:32.811Z",
                "status": "PLAYING",
                "videoTime": "0.03800010681152344",
                "videoDuration": "400.921",
                "stage": "2"
            },
            {
                "time": "2017-04-11T09:26:14.505Z",
                "status": "ENDED",
                "videoTime": "400.941",
                "videoDuration": "400.941",
                "stage": "2"
            },
            {
                "time": "2017-04-11T09:29:49.552Z",
                "status": "PLAYING",
                "videoTime": "0.018000125885009766",
                "videoDuration": "468.0214058956916",
                "stage": "1"
            },
            {
                "time": "2017-04-11T09:37:38.059Z",
                "status": "ENDED",
                "videoTime": "468.021404",
                "videoDuration": "468.021404",
                "stage": "1"
            }
        ]
    }
}
