{
    "user": {
        "ratings": [
            {
                "time": "2017-04-12T12:16:15.220Z",
                "rating": "1",
                "videoTime": "39.56873301335144",
                "videoDuration": "400.921",
                "stage": "2"
            },
            {
                "time": "2017-04-12T12:32:21.458Z",
                "rating": "1",
                "videoTime": "341.22450590081786",
                "videoDuration": "468.0214058956916",
                "stage": "1"
            }
        ],
        "ratingbells": [
            {
                "time": "2017-04-12T12:16:11.689Z",
                "videoTime": "36.0187137882843",
                "videoDuration": "400.921",
                "stage": "2"
            },
            {
                "time": "2017-04-12T12:16:59.335Z",
                "videoTime": "83.69458709536744",
                "videoDuration": "400.921",
                "stage": "2"
            },
            {
                "time": "2017-04-12T12:18:00.737Z",
                "videoTime": "145.07549303242493",
                "videoDuration": "400.921",
                "stage": "2"
            },
            {
                "time": "2017-04-12T12:19:09.501Z",
                "videoTime": "213.8612050267029",
                "videoDuration": "400.921",
                "stage": "2"
            },
            {
                "time": "2017-04-12T12:20:10.778Z",
                "videoTime": "275.12633016021726",
                "videoDuration": "400.921",
                "stage": "2"
            },
            {
                "time": "2017-04-12T12:20:52.356Z",
                "videoTime": "316.71685984931946",
                "videoDuration": "400.921",
                "stage": "2"
            },
            {
                "time": "2017-04-12T12:21:48.519Z",
                "videoTime": "372.84921397138976",
                "videoDuration": "400.921",
                "stage": "2"
            },
            {
                "time": "2017-04-12T12:27:26.893Z",
                "videoTime": "46.645343841690064",
                "videoDuration": "468.0214058956916",
                "stage": "1"
            },
            {
                "time": "2017-04-12T12:28:26.694Z",
                "videoTime": "106.47390711825561",
                "videoDuration": "468.0214058956916",
                "stage": "1"
            },
            {
                "time": "2017-04-12T12:29:21.981Z",
                "videoTime": "161.76160404005432",
                "videoDuration": "468.0214058956916",
                "stage": "1"
            },
            {
                "time": "2017-04-12T12:30:31.895Z",
                "videoTime": "231.67615199046327",
                "videoDuration": "468.0214058956916",
                "stage": "1"
            },
            {
                "time": "2017-04-12T12:31:28.653Z",
                "videoTime": "288.4044311449585",
                "videoDuration": "468.0214058956916",
                "stage": "1"
            },
            {
                "time": "2017-04-12T12:32:19.591Z",
                "videoTime": "339.3420991678467",
                "videoDuration": "468.0214058956916",
                "stage": "1"
            },
            {
                "time": "2017-04-12T12:32:59.686Z",
                "videoTime": "379.4413141964569",
                "videoDuration": "468.0214058956916",
                "stage": "1"
            },
            {
                "time": "2017-04-12T12:33:45.617Z",
                "videoTime": "425.383717038147",
                "videoDuration": "468.0214058956916",
                "stage": "1"
            }
        ],
        "videostatus": [
            {
                "time": "2017-04-12T12:15:35.233Z",
                "status": "PLAYING",
                "videoTime": "0.021000146865844727",
                "videoDuration": "400.921",
                "stage": "2"
            },
            {
                "time": "2017-04-12T12:22:16.635Z",
                "status": "ENDED",
                "videoTime": "400.941",
                "videoDuration": "400.941",
                "stage": "2"
            },
            {
                "time": "2017-04-12T12:26:39.808Z",
                "status": "PLAYING",
                "videoTime": "0.018000125885009766",
                "videoDuration": "468.0214058956916",
                "stage": "1"
            },
            {
                "time": "2017-04-12T12:34:28.349Z",
                "status": "ENDED",
                "videoTime": "468.021404",
                "videoDuration": "468.021404",
                "stage": "1"
            }
        ]
    }
}
