{
    "user": {
        "ratings": [
            {
                "time": "2017-04-12T11:23:58.737Z",
                "rating": "1",
                "videoTime": "193.67301703051757",
                "videoDuration": "468",
                "stage": "1"
            },
            {
                "time": "2017-04-12T11:26:38.745Z",
                "rating": "1",
                "videoTime": "353.68196982452395",
                "videoDuration": "468",
                "stage": "1"
            },
            {
                "time": "2017-04-12T11:28:15.640Z",
                "rating": "1",
                "videoTime": "450.54648003814697",
                "videoDuration": "468",
                "stage": "1"
            },
            {
                "time": "2017-04-12T11:35:14.154Z",
                "rating": "1",
                "videoTime": "94.38464604196167",
                "videoDuration": "400.921",
                "stage": "2"
            },
            {
                "time": "2017-04-12T11:36:59.164Z",
                "rating": "1",
                "videoTime": "199.40606397138978",
                "videoDuration": "400.921",
                "stage": "2"
            },
            {
                "time": "2017-04-12T11:38:22.081Z",
                "rating": "1",
                "videoTime": "282.30698506484987",
                "videoDuration": "400.921",
                "stage": "2"
            },
            {
                "time": "2017-04-12T11:39:05.982Z",
                "rating": "1",
                "videoTime": "326.208554005722",
                "videoDuration": "400.921",
                "stage": "2"
            }
        ],
        "ratingbells": [
            {
                "time": "2017-04-12T11:21:22.331Z",
                "videoTime": "37.23875002098084",
                "videoDuration": "468",
                "stage": "1"
            },
            {
                "time": "2017-04-12T11:22:15.426Z",
                "videoTime": "90.34618613351441",
                "videoDuration": "468",
                "stage": "1"
            },
            {
                "time": "2017-04-12T11:23:09.261Z",
                "videoTime": "144.1697158817444",
                "videoDuration": "468",
                "stage": "1"
            },
            {
                "time": "2017-04-12T11:23:57.088Z",
                "videoTime": "191.99508202288817",
                "videoDuration": "468",
                "stage": "1"
            },
            {
                "time": "2017-04-12T11:24:43.152Z",
                "videoTime": "238.06836195613099",
                "videoDuration": "468",
                "stage": "1"
            },
            {
                "time": "2017-04-12T11:25:46.437Z",
                "videoTime": "301.3423909885559",
                "videoDuration": "468",
                "stage": "1"
            },
            {
                "time": "2017-04-12T11:26:37.536Z",
                "videoTime": "352.44620404005434",
                "videoDuration": "468",
                "stage": "1"
            },
            {
                "time": "2017-04-12T11:27:09.169Z",
                "videoTime": "384.09090891607667",
                "videoDuration": "468",
                "stage": "1"
            },
            {
                "time": "2017-04-12T11:28:14.365Z",
                "videoTime": "449.27085298283384",
                "videoDuration": "468",
                "stage": "1"
            },
            {
                "time": "2017-04-12T11:34:18.453Z",
                "videoTime": "38.678071131607055",
                "videoDuration": "400.921",
                "stage": "2"
            },
            {
                "time": "2017-04-12T11:35:09.691Z",
                "videoTime": "89.9140830667572",
                "videoDuration": "400.921",
                "stage": "2"
            },
            {
                "time": "2017-04-12T11:36:04.277Z",
                "videoTime": "144.505356",
                "videoDuration": "400.921",
                "stage": "2"
            },
            {
                "time": "2017-04-12T11:36:58.353Z",
                "videoTime": "198.59747987411498",
                "videoDuration": "400.921",
                "stage": "2"
            },
            {
                "time": "2017-04-12T11:37:32.694Z",
                "videoTime": "232.93429395422362",
                "videoDuration": "400.921",
                "stage": "2"
            },
            {
                "time": "2017-04-12T11:38:19.711Z",
                "videoTime": "279.9225870667572",
                "videoDuration": "400.921",
                "stage": "2"
            },
            {
                "time": "2017-04-12T11:39:05.091Z",
                "videoTime": "325.33235505722047",
                "videoDuration": "400.921",
                "stage": "2"
            },
            {
                "time": "2017-04-12T11:39:45.454Z",
                "videoTime": "365.6733560667572",
                "videoDuration": "400.921",
                "stage": "2"
            }
        ],
        "videostatus": [
            {
                "time": "2017-04-12T11:20:41.610Z",
                "status": "Fullscreen_enter",
                "videoTime": "0",
                "videoDuration": "469",
                "stage": "1"
            },
            {
                "time": "2017-04-12T11:20:44.578Z",
                "status": "PLAYING",
                "videoTime": "0.04200005531311035",
                "videoDuration": "468",
                "stage": "1"
            },
            {
                "time": "2017-04-12T11:28:33.178Z",
                "status": "ENDED",
                "videoTime": "468.021404",
                "videoDuration": "468.021404",
                "stage": "1"
            },
            {
                "time": "2017-04-12T11:28:44.118Z",
                "status": "Fullscreen_exit",
                "videoTime": "468.021404",
                "videoDuration": "468.021404",
                "stage": "1"
            },
            {
                "time": "2017-04-12T11:33:36.025Z",
                "status": "Fullscreen_enter",
                "videoTime": "0",
                "videoDuration": "401",
                "stage": "2"
            },
            {
                "time": "2017-04-12T11:33:39.393Z",
                "status": "PLAYING",
                "videoTime": "0.028999805450439453",
                "videoDuration": "400.921",
                "stage": "2"
            },
            {
                "time": "2017-04-12T11:40:20.780Z",
                "status": "ENDED",
                "videoTime": "400.941",
                "videoDuration": "400.941",
                "stage": "2"
            },
            {
                "time": "2017-04-12T11:40:25.444Z",
                "status": "Fullscreen_exit",
                "videoTime": "400.941",
                "videoDuration": "400.941",
                "stage": "2"
            }
        ]
    }
}
