{
    "user": {
        "ratings": [
            {
                "time": "2017-04-10T12:47:09.031Z",
                "rating": "1",
                "videoTime": "107.61398781689454",
                "videoDuration": "468.0214058956916",
                "stage": "1"
            },
            {
                "time": "2017-04-10T12:48:50.705Z",
                "rating": "1",
                "videoTime": "208.332096",
                "videoDuration": "468.0214058956916",
                "stage": "1"
            },
            {
                "time": "2017-04-10T12:50:37.544Z",
                "rating": "1",
                "videoTime": "316.1240799313355",
                "videoDuration": "468.0214058956916",
                "stage": "1"
            },
            {
                "time": "2017-04-10T13:00:34.284Z",
                "rating": "1",
                "videoTime": "162.10549098283386",
                "videoDuration": "400.921",
                "stage": "2"
            },
            {
                "time": "2017-04-10T13:02:18.557Z",
                "rating": "1",
                "videoTime": "266.3531909408722",
                "videoDuration": "400.921",
                "stage": "2"
            },
            {
                "time": "2017-04-10T13:04:02.846Z",
                "rating": "1",
                "videoTime": "370.6401570152588",
                "videoDuration": "400.921",
                "stage": "2"
            }
        ],
        "ratingbells": [
            {
                "time": "2017-04-10T12:46:02.175Z",
                "videoTime": "40.77073306866455",
                "videoDuration": "468.0214058956916",
                "stage": "1"
            },
            {
                "time": "2017-04-10T12:47:07.669Z",
                "videoTime": "106.23241399237061",
                "videoDuration": "468.0214058956916",
                "stage": "1"
            },
            {
                "time": "2017-04-10T12:48:04.462Z",
                "videoTime": "162.074976",
                "videoDuration": "468.0214058956916",
                "stage": "1"
            },
            {
                "time": "2017-04-10T12:48:46.879Z",
                "videoTime": "205.44308790463256",
                "videoDuration": "468.0214058956916",
                "stage": "1"
            },
            {
                "time": "2017-04-10T12:49:28.219Z",
                "videoTime": "246.80331320980835",
                "videoDuration": "468.0214058956916",
                "stage": "1"
            },
            {
                "time": "2017-04-10T12:50:36.403Z",
                "videoTime": "314.9876661087189",
                "videoDuration": "468.0214058956916",
                "stage": "1"
            },
            {
                "time": "2017-04-10T12:51:15.555Z",
                "videoTime": "354.1267740782013",
                "videoDuration": "468.0214058956916",
                "stage": "1"
            },
            {
                "time": "2017-04-10T12:52:23.243Z",
                "videoTime": "421.826962043869",
                "videoDuration": "468.0214058956916",
                "stage": "1"
            },
            {
                "time": "2017-04-10T12:58:35.532Z",
                "videoTime": "43.35316297329712",
                "videoDuration": "400.921",
                "stage": "2"
            },
            {
                "time": "2017-04-10T12:59:27.443Z",
                "videoTime": "95.25016318119812",
                "videoDuration": "400.921",
                "stage": "2"
            },
            {
                "time": "2017-04-10T13:00:32.384Z",
                "videoTime": "160.17595201716614",
                "videoDuration": "400.921",
                "stage": "2"
            },
            {
                "time": "2017-04-10T13:01:13.130Z",
                "videoTime": "200.93819909346007",
                "videoDuration": "400.921",
                "stage": "2"
            },
            {
                "time": "2017-04-10T13:02:16.887Z",
                "videoTime": "264.6968881964569",
                "videoDuration": "400.921",
                "stage": "2"
            },
            {
                "time": "2017-04-10T13:02:58.154Z",
                "videoTime": "305.976115043869",
                "videoDuration": "400.921",
                "stage": "2"
            },
            {
                "time": "2017-04-10T13:04:00.482Z",
                "videoTime": "368.2902361411438",
                "videoDuration": "400.921",
                "stage": "2"
            }
        ],
        "videostatus": [
            {
                "time": "2017-04-10T12:45:21.001Z",
                "status": "PLAYING",
                "videoTime": "0.018999814987182617",
                "videoDuration": "468.0214058956916",
                "stage": "1"
            },
            {
                "time": "2017-04-10T12:53:09.888Z",
                "status": "ENDED",
                "videoTime": "468.021404",
                "videoDuration": "468.021404",
                "stage": "1"
            },
            {
                "time": "2017-04-10T12:57:51.794Z",
                "status": "PLAYING",
                "videoTime": "0.02499985694885254",
                "videoDuration": "400.921",
                "stage": "2"
            },
            {
                "time": "2017-04-10T13:04:33.168Z",
                "status": "ENDED",
                "videoTime": "400.941",
                "videoDuration": "400.941",
                "stage": "2"
            }
        ]
    }
}
