{
    "user": {
        "ratings": [
            {
                "time": "2017-04-10T14:13:26.187Z",
                "rating": "1",
                "videoTime": "169.2676270076294",
                "videoDuration": "400.921",
                "stage": "2"
            },
            {
                "time": "2017-04-10T14:14:59.831Z",
                "rating": "1",
                "videoTime": "262.9005310972748",
                "videoDuration": "400.921",
                "stage": "2"
            },
            {
                "time": "2017-04-10T14:23:24.144Z",
                "rating": "1",
                "videoTime": "114.5571049961853",
                "videoDuration": "468.0214058956916",
                "stage": "1"
            },
            {
                "time": "2017-04-10T14:29:15.270Z",
                "rating": "1",
                "videoTime": "465.6853810362396",
                "videoDuration": "468.0214058956916",
                "stage": "1"
            }
        ],
        "ratingbells": [
            {
                "time": "2017-04-10T14:11:32.076Z",
                "videoTime": "55.14254103623962",
                "videoDuration": "400.921",
                "stage": "2"
            },
            {
                "time": "2017-04-10T14:12:26.185Z",
                "videoTime": "109.2525168588562",
                "videoDuration": "400.921",
                "stage": "2"
            },
            {
                "time": "2017-04-10T14:13:24.577Z",
                "videoTime": "167.63014789128113",
                "videoDuration": "400.921",
                "stage": "2"
            },
            {
                "time": "2017-04-10T14:13:56.268Z",
                "videoTime": "199.31955495803834",
                "videoDuration": "400.921",
                "stage": "2"
            },
            {
                "time": "2017-04-10T14:14:58.124Z",
                "videoTime": "261.1783151735687",
                "videoDuration": "400.921",
                "stage": "2"
            },
            {
                "time": "2017-04-10T14:15:44.298Z",
                "videoTime": "307.3671850648499",
                "videoDuration": "400.921",
                "stage": "2"
            },
            {
                "time": "2017-04-10T14:16:29.063Z",
                "videoTime": "352.1311849523163",
                "videoDuration": "400.921",
                "stage": "2"
            },
            {
                "time": "2017-04-10T14:22:13.014Z",
                "videoTime": "43.45276002098083",
                "videoDuration": "468.0214058956916",
                "stage": "1"
            },
            {
                "time": "2017-04-10T14:23:22.041Z",
                "videoTime": "112.44401279019165",
                "videoDuration": "468.0214058956916",
                "stage": "1"
            },
            {
                "time": "2017-04-10T14:24:17.919Z",
                "videoTime": "168.35785596185303",
                "videoDuration": "468.0214058956916",
                "stage": "1"
            },
            {
                "time": "2017-04-10T14:25:12.221Z",
                "videoTime": "222.63332101335143",
                "videoDuration": "468.0214058956916",
                "stage": "1"
            },
            {
                "time": "2017-04-10T14:26:18.228Z",
                "videoTime": "288.6454498435974",
                "videoDuration": "468.0214058956916",
                "stage": "1"
            },
            {
                "time": "2017-04-10T14:27:23.561Z",
                "videoTime": "353.98765901335145",
                "videoDuration": "468.0214058956916",
                "stage": "1"
            },
            {
                "time": "2017-04-10T14:28:09.525Z",
                "videoTime": "399.96353403242495",
                "videoDuration": "468.0214058956916",
                "stage": "1"
            },
            {
                "time": "2017-04-10T14:29:13.921Z",
                "videoTime": "464.3488930629425",
                "videoDuration": "468.0214058956916",
                "stage": "1"
            }
        ],
        "videostatus": [
            {
                "time": "2017-04-10T14:10:36.526Z",
                "status": "PLAYING",
                "videoTime": "0.02200007438659668",
                "videoDuration": "400.921",
                "stage": "2"
            },
            {
                "time": "2017-04-10T14:17:17.908Z",
                "status": "ENDED",
                "videoTime": "400.941",
                "videoDuration": "400.941",
                "stage": "2"
            },
            {
                "time": "2017-04-10T14:21:29.571Z",
                "status": "PLAYING",
                "videoTime": "0.03632205340576172",
                "videoDuration": "468.0214058956916",
                "stage": "1"
            },
            {
                "time": "2017-04-10T14:29:17.675Z",
                "status": "ENDED",
                "videoTime": "468.021404",
                "videoDuration": "468.021404",
                "stage": "1"
            }
        ]
    }
}
