{
    "user": {
        "ratings": [
            {
                "time": "2017-04-12T09:33:34.658Z",
                "rating": "1",
                "videoTime": "325.5062870667572",
                "videoDuration": "400.921",
                "stage": "2"
            },
            {
                "time": "2017-04-12T09:43:29.718Z",
                "rating": "1",
                "videoTime": "222.18400297901917",
                "videoDuration": "468.0214058956916",
                "stage": "1"
            },
            {
                "time": "2017-04-12T09:44:21.222Z",
                "rating": "1",
                "videoTime": "273.6884279713898",
                "videoDuration": "468.0214058956916",
                "stage": "1"
            },
            {
                "time": "2017-04-12T09:45:50.463Z",
                "rating": "1",
                "videoTime": "362.91341401716613",
                "videoDuration": "468.0214058956916",
                "stage": "1"
            },
            {
                "time": "2017-04-12T09:46:36.853Z",
                "rating": "1",
                "videoTime": "409.3201118550415",
                "videoDuration": "468.0214058956916",
                "stage": "1"
            }
        ],
        "ratingbells": [
            {
                "time": "2017-04-12T09:28:47.772Z",
                "videoTime": "38.540809",
                "videoDuration": "400.921",
                "stage": "2"
            },
            {
                "time": "2017-04-12T09:29:34.224Z",
                "videoTime": "85.0593229256134",
                "videoDuration": "400.921",
                "stage": "2"
            },
            {
                "time": "2017-04-12T09:30:35.276Z",
                "videoTime": "146.13896398283387",
                "videoDuration": "400.921",
                "stage": "2"
            },
            {
                "time": "2017-04-12T09:31:36.727Z",
                "videoTime": "206.331911",
                "videoDuration": "400.921",
                "stage": "2"
            },
            {
                "time": "2017-04-12T09:32:33.103Z",
                "videoTime": "263.93422694659426",
                "videoDuration": "400.921",
                "stage": "2"
            },
            {
                "time": "2017-04-12T09:33:34.025Z",
                "videoTime": "323.57275",
                "videoDuration": "400.921",
                "stage": "2"
            },
            {
                "time": "2017-04-12T09:34:11.537Z",
                "videoTime": "362.089951",
                "videoDuration": "400.921",
                "stage": "2"
            },
            {
                "time": "2017-04-12T09:40:29.560Z",
                "videoTime": "41.821216",
                "videoDuration": "468.0214058956916",
                "stage": "1"
            },
            {
                "time": "2017-04-12T09:41:28.162Z",
                "videoTime": "100.62706982833862",
                "videoDuration": "468.0214058956916",
                "stage": "1"
            },
            {
                "time": "2017-04-12T09:42:27.429Z",
                "videoTime": "159.88924984931947",
                "videoDuration": "468.0214058956916",
                "stage": "1"
            },
            {
                "time": "2017-04-12T09:43:29.020Z",
                "videoTime": "221.46986591989136",
                "videoDuration": "468.0214058956916",
                "stage": "1"
            },
            {
                "time": "2017-04-12T09:44:20.584Z",
                "videoTime": "273.051388164032",
                "videoDuration": "468.0214058956916",
                "stage": "1"
            },
            {
                "time": "2017-04-12T09:45:04.770Z",
                "videoTime": "317.22300708392333",
                "videoDuration": "468.0214058956916",
                "stage": "1"
            },
            {
                "time": "2017-04-12T09:45:46.779Z",
                "videoTime": "359.2447530743866",
                "videoDuration": "468.0214058956916",
                "stage": "1"
            },
            {
                "time": "2017-04-12T09:46:35.371Z",
                "videoTime": "407.82918799046325",
                "videoDuration": "468.0214058956916",
                "stage": "1"
            },
            {
                "time": "2017-04-12T09:47:08.563Z",
                "videoTime": "441.0306919752045",
                "videoDuration": "468.0214058956916",
                "stage": "1"
            }
        ],
        "videostatus": [
            {
                "time": "2017-04-12T09:28:08.749Z",
                "status": "PLAYING",
                "videoTime": "0.03800010681152344",
                "videoDuration": "400.921",
                "stage": "2"
            },
            {
                "time": "2017-04-12T09:34:50.144Z",
                "status": "ENDED",
                "videoTime": "400.941",
                "videoDuration": "400.941",
                "stage": "2"
            },
            {
                "time": "2017-04-12T09:39:47.107Z",
                "status": "PLAYING",
                "videoTime": "0.03500008583068848",
                "videoDuration": "468.0214058956916",
                "stage": "1"
            },
            {
                "time": "2017-04-12T09:47:35.626Z",
                "status": "ENDED",
                "videoTime": "468.021404",
                "videoDuration": "468.021404",
                "stage": "1"
            }
        ]
    }
}
