{
    "user": {
        "ratings": [
            {
                "time": "2017-04-13T12:59:23.176Z",
                "rating": "1",
                "videoTime": "445.21892805340576",
                "videoDuration": "468.0214058956916",
                "stage": "1"
            }
        ],
        "ratingbells": [
            {
                "time": "2017-04-13T12:39:38.513Z",
                "videoTime": "47.140364045776366",
                "videoDuration": "400.921",
                "stage": "2"
            },
            {
                "time": "2017-04-13T12:40:30.079Z",
                "videoTime": "98.707793917984",
                "videoDuration": "400.921",
                "stage": "2"
            },
            {
                "time": "2017-04-13T12:41:39.198Z",
                "videoTime": "167.82935804196168",
                "videoDuration": "400.921",
                "stage": "2"
            },
            {
                "time": "2017-04-13T12:42:46.846Z",
                "videoTime": "235.4905139408722",
                "videoDuration": "400.921",
                "stage": "2"
            },
            {
                "time": "2017-04-13T12:43:45.895Z",
                "videoTime": "294.52620197329713",
                "videoDuration": "400.921",
                "stage": "2"
            },
            {
                "time": "2017-04-13T12:44:42.455Z",
                "videoTime": "351.08781496185304",
                "videoDuration": "400.921",
                "stage": "2"
            },
            {
                "time": "2017-04-13T12:52:41.945Z",
                "videoTime": "43.95226398664856",
                "videoDuration": "468.0214058956916",
                "stage": "1"
            },
            {
                "time": "2017-04-13T12:53:33.880Z",
                "videoTime": "95.8842840743866",
                "videoDuration": "468.0214058956916",
                "stage": "1"
            },
            {
                "time": "2017-04-13T12:54:36.429Z",
                "videoTime": "158.43448991226197",
                "videoDuration": "468.0214058956916",
                "stage": "1"
            },
            {
                "time": "2017-04-13T12:55:40.778Z",
                "videoTime": "222.7870770038147",
                "videoDuration": "468.0214058956916",
                "stage": "1"
            },
            {
                "time": "2017-04-13T12:56:34.060Z",
                "videoTime": "276.0711109752045",
                "videoDuration": "468.0214058956916",
                "stage": "1"
            },
            {
                "time": "2017-04-13T12:57:31.542Z",
                "videoTime": "333.572307956131",
                "videoDuration": "468.0214058956916",
                "stage": "1"
            },
            {
                "time": "2017-04-13T12:58:39.485Z",
                "videoTime": "401.49739094850156",
                "videoDuration": "468.0214058956916",
                "stage": "1"
            },
            {
                "time": "2017-04-13T12:59:21.940Z",
                "videoTime": "443.9588480095367",
                "videoDuration": "468.0214058956916",
                "stage": "1"
            }
        ],
        "videostatus": [
            {
                "time": "2017-04-13T12:38:50.946Z",
                "status": "PLAYING",
                "videoTime": "0.017000198364257812",
                "videoDuration": "400.921",
                "stage": "2"
            },
            {
                "time": "2017-04-13T12:38:52.824Z",
                "status": "Fullscreen_enter",
                "videoTime": "1.4617281335144043",
                "videoDuration": "400.921",
                "stage": "2"
            },
            {
                "time": "2017-04-13T12:45:32.365Z",
                "status": "ENDED",
                "videoTime": "400.941",
                "videoDuration": "400.941",
                "stage": "2"
            },
            {
                "time": "2017-04-13T12:45:37.879Z",
                "status": "Fullscreen_exit",
                "videoTime": "400.941",
                "videoDuration": "400.941",
                "stage": "2"
            },
            {
                "time": "2017-04-13T12:51:57.497Z",
                "status": "PLAYING",
                "videoTime": "0.023000001907348633",
                "videoDuration": "468.0214058956916",
                "stage": "1"
            },
            {
                "time": "2017-04-13T12:51:58.970Z",
                "status": "Fullscreen_enter",
                "videoTime": "0.9970249504089356",
                "videoDuration": "468.0214058956916",
                "stage": "1"
            },
            {
                "time": "2017-04-13T12:59:46.088Z",
                "status": "ENDED",
                "videoTime": "468.021404",
                "videoDuration": "468.021404",
                "stage": "1"
            },
            {
                "time": "2017-04-13T12:59:48.982Z",
                "status": "Fullscreen_exit",
                "videoTime": "468.021404",
                "videoDuration": "468.021404",
                "stage": "1"
            }
        ]
    }
}
