{
    "user": {
        "ratings": [
            {
                "time": "2017-04-11T10:49:41.554Z",
                "rating": "1",
                "videoTime": "165.43940883406066",
                "videoDuration": "468.0214058956916",
                "stage": "1"
            },
            {
                "time": "2017-04-11T10:51:28.127Z",
                "rating": "1",
                "videoTime": "272.01330419454956",
                "videoDuration": "468.0214058956916",
                "stage": "1"
            },
            {
                "time": "2017-04-11T11:01:54.155Z",
                "rating": "1",
                "videoTime": "219.63022387220764",
                "videoDuration": "400.921",
                "stage": "2"
            },
            {
                "time": "2017-04-11T11:02:36.077Z",
                "rating": "1",
                "videoTime": "261.5492208321533",
                "videoDuration": "400.921",
                "stage": "2"
            },
            {
                "time": "2017-04-11T11:04:39.024Z",
                "rating": "1",
                "videoTime": "384.49176502288816",
                "videoDuration": "400.921",
                "stage": "2"
            }
        ],
        "ratingbells": [
            {
                "time": "2017-04-11T10:47:41.338Z",
                "videoTime": "45.20931005149841",
                "videoDuration": "468.0214058956916",
                "stage": "1"
            },
            {
                "time": "2017-04-11T10:48:35.402Z",
                "videoTime": "99.26011499427796",
                "videoDuration": "468.0214058956916",
                "stage": "1"
            },
            {
                "time": "2017-04-11T10:49:39.290Z",
                "videoTime": "163.16220799618532",
                "videoDuration": "468.0214058956916",
                "stage": "1"
            },
            {
                "time": "2017-04-11T10:50:32.853Z",
                "videoTime": "216.70100683024597",
                "videoDuration": "468.0214058956916",
                "stage": "1"
            },
            {
                "time": "2017-04-11T10:51:26.553Z",
                "videoTime": "270.4081819294281",
                "videoDuration": "468.0214058956916",
                "stage": "1"
            },
            {
                "time": "2017-04-11T10:52:04.947Z",
                "videoTime": "308.80240008010867",
                "videoDuration": "468.0214058956916",
                "stage": "1"
            },
            {
                "time": "2017-04-11T10:52:50.467Z",
                "videoTime": "354.302016912262",
                "videoDuration": "468.0214058956916",
                "stage": "1"
            },
            {
                "time": "2017-04-11T10:53:53.970Z",
                "videoTime": "417.8230291220703",
                "videoDuration": "468.0214058956916",
                "stage": "1"
            },
            {
                "time": "2017-04-11T10:54:38.440Z",
                "videoTime": "462.3038131106262",
                "videoDuration": "468.0214058956916",
                "stage": "1"
            },
            {
                "time": "2017-04-11T10:59:10.598Z",
                "videoTime": "56.06042111062622",
                "videoDuration": "400.921",
                "stage": "2"
            },
            {
                "time": "2017-04-11T10:59:52.671Z",
                "videoTime": "98.14983097520447",
                "videoDuration": "400.921",
                "stage": "2"
            },
            {
                "time": "2017-04-11T11:00:54.587Z",
                "videoTime": "160.0545920076294",
                "videoDuration": "400.921",
                "stage": "2"
            },
            {
                "time": "2017-04-11T11:01:52.793Z",
                "videoTime": "218.28928802861023",
                "videoDuration": "400.921",
                "stage": "2"
            },
            {
                "time": "2017-04-11T11:02:35.365Z",
                "videoTime": "260.83824610490416",
                "videoDuration": "400.921",
                "stage": "2"
            },
            {
                "time": "2017-04-11T11:03:28.654Z",
                "videoTime": "314.1312280152588",
                "videoDuration": "400.921",
                "stage": "2"
            },
            {
                "time": "2017-04-11T11:04:37.884Z",
                "videoTime": "383.36183498283384",
                "videoDuration": "400.921",
                "stage": "2"
            }
        ],
        "videostatus": [
            {
                "time": "2017-04-11T10:46:55.758Z",
                "status": "PLAYING",
                "videoTime": "0.019999980926513672",
                "videoDuration": "468.0214058956916",
                "stage": "1"
            },
            {
                "time": "2017-04-11T10:54:44.230Z",
                "status": "ENDED",
                "videoTime": "468.021404",
                "videoDuration": "468.021404",
                "stage": "1"
            },
            {
                "time": "2017-04-11T10:58:14.085Z",
                "status": "PLAYING",
                "videoTime": "0.02200007438659668",
                "videoDuration": "400.921",
                "stage": "2"
            },
            {
                "time": "2017-04-11T11:04:55.512Z",
                "status": "ENDED",
                "videoTime": "400.941",
                "videoDuration": "400.941",
                "stage": "2"
            }
        ]
    }
}
